Local authority code,Local authority name,LSOA Code,LSOA Name,All ages,Persons,Persons,Persons,Persons,Persons,Persons,Persons,Persons,Persons,Persons,Persons,Persons,Persons,Persons,Persons,Persons,Persons,Persons,
,,,,,0 ‒ 4,5 ‒ 9,10 ‒ 14,15 ‒ 19,20 ‒ 24,25 ‒ 29,30 ‒ 34,35 ‒ 39,40 ‒ 44,45 ‒ 49,50 ‒ 54,55 ‒ 59,60 ‒ 64,65 ‒ 69,70 ‒ 74,75 ‒ 79,80 ‒ 84,85 ‒ 89,90 and over
E07000223,Adur,E01031349,Adur 001A,1340,64,62,68,97,65,45,59,74,104,108,83,98,115,93,70,46,35,33,21
E07000223,Adur,E01031350,Adur 001B,1209,76,64,77,89,76,51,66,86,97,120,80,81,81,47,35,32,26,17,8
E07000223,Adur,E01031351,Adur 001C,1557,86,70,91,92,72,69,78,86,115,129,110,90,80,93,84,75,79,42,16
E07000223,Adur,E01031352,Adur 001D,1455,66,87,74,66,65,56,64,83,122,100,112,90,97,103,97,52,74,38,9
E07000223,Adur,E01031370,Adur 001E,1451,98,100,92,84,77,82,75,118,110,102,87,96,74,58,56,61,31,42,8
E07000223,Adur,E01031374,Adur 001F,1512,80,90,80,70,89,87,82,92,102,120,113,86,97,91,71,63,43,28,28
E07000223,Adur,E01031338,Adur 002A,1165,73,51,52,50,45,60,79,81,80,93,82,68,95,94,59,40,39,20,4
E07000223,Adur,E01031339,Adur 002B,1175,64,74,62,58,38,65,91,92,84,82,88,80,96,71,44,30,35,11,10
E07000223,Adur,E01031340,Adur 002C,1473,56,61,81,85,55,38,41,69,99,129,121,119,136,112,102,63,53,36,17
E07000223,Adur,E01031365,Adur 002D,1539,98,86,72,81,47,73,76,123,144,92,87,73,102,78,89,76,65,51,26
E07000223,Adur,E01031367,Adur 002E,1282,54,64,72,54,42,35,53,88,86,82,110,84,133,111,80,59,37,26,12
E07000223,Adur,E01031345,Adur 003A,1472,74,58,68,71,71,64,81,84,117,113,105,129,125,89,83,43,58,32,7
E07000223,Adur,E01031353,Adur 003B,1367,60,51,106,259,34,36,53,67,70,75,96,89,88,102,65,45,41,22,8
E07000223,Adur,E01031354,Adur 003C,1231,61,51,64,56,52,70,60,47,97,82,95,88,130,93,57,61,40,15,12
E07000223,Adur,E01031355,Adur 003D,1649,104,100,116,90,67,76,91,114,148,129,101,83,106,78,79,69,45,31,22
E07000223,Adur,E01031359,Adur 003E,1381,89,88,95,95,80,55,79,111,109,109,82,108,80,72,45,42,25,11,6
E07000223,Adur,E01031347,Adur 004A,1624,104,112,101,133,99,108,106,96,129,129,84,80,86,61,62,57,40,26,11
E07000223,Adur,E01031348,Adur 004B,1643,153,115,115,117,96,117,123,136,153,103,93,69,73,51,48,33,25,17,6
E07000223,Adur,E01031366,Adur 004C,1406,83,81,97,120,86,59,73,93,115,117,96,84,65,51,41,38,40,37,30
E07000223,Adur,E01031371,Adur 004D,1260,95,73,62,78,61,88,73,85,81,80,68,68,84,64,58,43,62,27,10
E07000223,Adur,E01031372,Adur 004E,1270,75,63,89,96,76,54,61,85,96,97,69,48,79,45,66,75,58,29,9
E07000223,Adur,E01031373,Adur 004F,1468,104,83,81,92,76,74,79,106,127,109,88,77,102,75,69,54,30,25,17
E07000223,Adur,E01031375,Adur 004G,1456,71,62,66,66,73,74,71,74,106,124,99,79,113,79,93,87,63,35,21
E07000223,Adur,E01031356,Adur 005A,2283,153,135,85,92,110,146,178,187,168,158,154,158,164,119,76,93,55,35,17
E07000223,Adur,E01031357,Adur 005B,2241,165,130,109,84,121,155,167,179,191,179,141,129,147,101,61,58,65,43,16
E07000223,Adur,E01031364,Adur 005C,1455,104,53,36,45,100,133,138,127,103,74,95,94,93,86,54,50,38,22,10
E07000223,Adur,E01031368,Adur 005D,1245,78,61,42,71,45,41,61,86,100,87,83,82,115,94,52,51,43,33,20
E07000223,Adur,E01031369,Adur 005E,1302,70,61,62,67,40,35,53,89,97,102,64,70,101,86,74,76,59,60,36
E07000223,Adur,E01031344,Adur 006A,1345,64,68,69,88,68,65,63,90,109,122,104,73,94,84,75,50,44,10,5
E07000223,Adur,E01031346,Adur 006B,1381,79,61,49,44,55,91,72,81,85,102,88,91,118,109,91,69,48,38,10
E07000223,Adur,E01031361,Adur 006C,1515,101,90,101,120,83,83,79,103,111,96,102,83,88,85,68,62,28,18,14
E07000223,Adur,E01031362,Adur 006D,1277,58,72,89,74,61,64,90,93,91,95,81,88,86,70,53,37,34,27,14
E07000223,Adur,E01031363,Adur 006E,1571,74,55,62,71,66,61,73,90,107,97,100,85,124,148,135,97,65,44,17
E07000223,Adur,E01031358,Adur 007A,1522,84,85,98,121,85,90,65,86,108,101,85,87,96,99,67,68,47,37,13
E07000223,Adur,E01031360,Adur 007B,1534,76,84,96,110,87,82,70,91,109,118,123,83,106,99,62,63,38,25,12
E07000223,Adur,E01031376,Adur 007C,1248,44,30,37,54,50,39,69,58,79,100,78,72,96,111,117,95,68,32,19
E07000223,Adur,E01031378,Adur 007D,1361,62,61,51,48,60,84,55,79,100,110,89,84,115,92,72,85,67,26,21
E07000223,Adur,E01031341,Adur 008A,1351,79,88,76,92,91,75,78,84,89,96,92,70,75,62,52,61,45,31,15
E07000223,Adur,E01031342,Adur 008B,1665,100,60,43,52,90,79,69,70,93,87,72,98,145,138,139,127,98,75,30
E07000223,Adur,E01031343,Adur 008C,1395,77,56,77,77,70,77,77,77,93,109,96,85,84,91,77,66,57,32,17
E07000223,Adur,E01031377,Adur 008D,1533,113,58,40,63,96,121,113,98,110,92,111,88,96,68,73,52,53,47,41
E07000223,Adur,E01031379,Adur 008E,1573,68,56,70,68,62,74,79,89,98,101,96,92,121,105,106,98,86,62,42
E07000224,Arun,E01031390,Arun 001A,1350,50,78,81,76,47,42,51,66,89,109,110,89,109,91,76,78,72,26,10
E07000224,Arun,E01031391,Arun 001B,1475,81,82,61,57,38,44,86,110,126,117,94,117,144,93,75,63,42,32,13
E07000224,Arun,E01031392,Arun 001C,1473,47,64,39,47,56,57,63,54,99,123,110,109,144,130,90,74,83,63,21
E07000224,Arun,E01031465,Arun 001D,1443,64,87,96,110,35,47,32,71,123,126,102,93,125,115,78,58,46,28,7
E07000224,Arun,E01031386,Arun 002A,1468,75,93,101,84,70,58,83,91,120,113,90,96,102,94,80,51,41,22,4
E07000224,Arun,E01031387,Arun 002B,1521,79,77,94,77,55,61,68,78,110,108,113,98,123,119,102,58,49,34,18
E07000224,Arun,E01031425,Arun 002C,1363,59,61,67,64,47,35,35,46,92,121,107,109,121,125,94,65,58,37,20
E07000224,Arun,E01031426,Arun 002D,1194,53,45,54,52,47,40,57,67,62,105,96,96,94,94,79,52,49,30,22
E07000224,Arun,E01031393,Arun 003A,1759,56,82,86,89,79,67,72,79,92,128,145,124,156,128,111,106,68,53,38
E07000224,Arun,E01031394,Arun 003B,1656,105,93,109,102,99,102,103,107,120,132,116,110,124,90,49,35,29,16,15
E07000224,Arun,E01031395,Arun 003C,1534,71,105,89,90,64,37,67,93,143,119,114,106,114,119,68,54,42,31,8
E07000224,Arun,E01031396,Arun 003D,1919,105,112,137,102,74,83,99,151,138,157,126,130,139,90,93,70,56,34,23
E07000224,Arun,E01031397,Arun 003E,1759,67,84,99,101,78,51,59,95,127,144,142,117,127,128,77,72,71,68,52
E07000224,Arun,E01031466,Arun 003F,1446,59,83,87,85,36,36,42,76,104,119,97,115,117,106,78,74,62,44,26
E07000224,Arun,E01031427,Arun 004A,1363,80,94,83,92,97,86,64,75,98,91,86,80,64,77,59,53,47,22,15
E07000224,Arun,E01031429,Arun 004B,1451,131,139,123,96,73,101,95,87,110,105,91,82,80,44,47,20,11,12,4
E07000224,Arun,E01031430,Arun 004C,1431,110,63,86,91,63,70,94,88,87,113,109,91,96,73,73,63,32,23,6
E07000224,Arun,E01031467,Arun 004D,1717,102,92,111,114,74,107,86,68,159,137,120,104,123,103,97,55,41,17,7
E07000224,Arun,E01031468,Arun 004E,2297,187,141,124,147,157,168,171,143,177,156,141,147,165,81,69,54,38,23,8
E07000224,Arun,E01031388,Arun 005A,2645,159,194,194,152,108,92,155,208,247,190,173,146,159,135,112,100,70,41,10
E07000224,Arun,E01031389,Arun 005B,2154,79,135,130,113,54,53,63,125,173,145,130,131,185,188,160,122,95,47,26
E07000224,Arun,E01031414,Arun 005C,1508,81,83,104,77,55,48,66,101,117,95,72,98,130,108,94,76,49,37,17
E07000224,Arun,E01031415,Arun 005D,1535,42,54,70,84,65,42,39,60,82,102,65,69,115,119,123,118,111,111,64
E07000224,Arun,E01031459,Arun 005E,1789,100,72,103,127,100,86,88,113,144,124,102,77,133,93,91,81,65,53,37
E07000224,Arun,E01031470,Arun 006A,1883,103,81,100,86,104,145,138,141,153,151,144,103,140,112,72,51,42,12,5
E07000224,Arun,E01031471,Arun 006B,1285,69,74,82,77,57,40,63,91,97,121,127,94,100,65,50,40,22,13,3
E07000224,Arun,E01031472,Arun 006C,1527,71,74,82,90,66,72,56,81,103,137,109,91,125,109,85,87,59,19,11
E07000224,Arun,E01031473,Arun 006D,1231,80,59,89,75,61,65,81,83,81,88,76,85,83,49,49,42,40,22,23
E07000224,Arun,E01031407,Arun 007A,1572,96,118,124,120,73,68,86,138,139,141,125,69,74,84,45,30,22,17,3
E07000224,Arun,E01031408,Arun 007B,1935,155,125,106,97,107,129,168,180,119,136,118,118,116,96,73,45,23,18,6
E07000224,Arun,E01031410,Arun 007C,1266,69,61,56,64,80,98,76,88,84,106,88,82,76,63,52,45,39,20,19
E07000224,Arun,E01031462,Arun 007D,1470,103,86,90,90,81,81,89,80,105,99,98,70,101,79,89,40,51,25,13
E07000224,Arun,E01031463,Arun 007E,1624,91,97,91,85,69,41,79,84,120,134,90,106,97,107,93,96,59,45,40
E07000224,Arun,E01031464,Arun 007F,1585,78,70,75,60,55,65,69,82,99,87,80,59,104,127,136,124,89,79,47
E07000224,Arun,E01031412,Arun 008A,1390,43,49,67,66,37,27,26,57,75,90,93,99,151,158,113,94,67,58,20
E07000224,Arun,E01031422,Arun 008B,1502,34,24,40,55,40,30,26,41,57,75,71,118,160,166,156,132,139,86,52
E07000224,Arun,E01031423,Arun 008C,1624,45,59,80,67,60,47,37,73,82,128,96,132,136,145,140,143,96,39,19
E07000224,Arun,E01031424,Arun 008D,1354,36,38,41,29,27,31,26,44,70,79,83,82,122,143,135,135,101,88,44
E07000224,Arun,E01031398,Arun 009A,1490,58,72,86,116,60,56,52,74,116,105,105,121,125,89,75,78,45,31,26
E07000224,Arun,E01031399,Arun 009B,1668,53,66,88,76,64,54,62,65,90,94,91,108,176,172,132,124,76,46,31
E07000224,Arun,E01031409,Arun 009C,1398,94,95,114,105,88,76,69,75,113,81,91,88,101,75,51,42,21,15,4
E07000224,Arun,E01031455,Arun 009D,1421,46,72,85,86,68,60,59,70,94,108,78,86,100,93,82,66,72,56,40
E07000224,Arun,E01031461,Arun 009E,1760,55,81,70,66,44,53,62,86,106,105,103,118,182,136,152,131,118,62,30
E07000224,Arun,E01031469,Arun 009F,1677,97,84,65,87,92,86,74,65,113,130,111,101,134,109,109,109,68,31,12
E07000224,Arun,E01031411,Arun 010A,1380,34,31,41,45,26,17,27,43,68,66,64,84,163,170,138,124,99,88,52
E07000224,Arun,E01031413,Arun 010B,1336,43,36,52,41,46,38,40,47,72,76,83,86,118,100,116,105,91,87,59
E07000224,Arun,E01031457,Arun 010C,1585,45,45,46,57,43,52,45,41,87,79,77,100,133,159,186,125,116,105,44
E07000224,Arun,E01031458,Arun 010D,1785,26,47,54,42,39,24,26,64,87,90,85,123,217,197,188,168,161,91,56
E07000224,Arun,E01031460,Arun 010E,1699,46,28,39,42,48,61,56,51,62,79,102,93,176,182,133,156,165,119,61
E07000224,Arun,E01031400,Arun 011A,1623,78,46,72,56,98,106,93,103,144,115,113,92,98,87,98,67,58,62,37
E07000224,Arun,E01031428,Arun 011B,1550,110,94,80,96,123,111,116,116,128,127,84,75,84,64,52,41,24,17,8
E07000224,Arun,E01031454,Arun 011C,2155,142,87,83,135,167,172,146,154,167,166,154,125,114,102,64,72,41,31,33
E07000224,Arun,E01031456,Arun 011D,1781,103,58,56,87,129,133,114,103,124,128,101,110,103,79,95,71,70,65,52
E07000224,Arun,E01031401,Arun 012A,1558,91,78,85,78,94,109,83,64,123,107,105,89,97,104,70,77,48,30,26
E07000224,Arun,E01031402,Arun 012B,1617,81,73,76,76,74,102,67,94,117,128,103,110,128,116,110,84,37,29,12
E07000224,Arun,E01031403,Arun 012C,1413,79,67,91,88,77,75,71,93,107,105,102,75,99,73,74,57,38,29,13
E07000224,Arun,E01031405,Arun 012D,1377,100,74,46,56,70,108,114,72,70,90,79,91,89,73,79,65,56,27,18
E07000224,Arun,E01031406,Arun 012E,1333,85,95,90,105,77,78,86,75,105,111,89,80,85,45,50,39,19,13,6
E07000224,Arun,E01031417,Arun 013A,1603,125,89,97,85,72,82,88,113,96,116,88,89,124,106,97,52,44,30,10
E07000224,Arun,E01031438,Arun 013B,1620,103,108,78,100,81,80,83,107,130,117,100,88,104,99,74,63,40,36,29
E07000224,Arun,E01031439,Arun 013C,1914,48,75,81,91,60,36,41,59,106,130,146,129,176,174,133,159,132,90,48
E07000224,Arun,E01031440,Arun 013D,1543,50,41,52,51,49,53,42,55,74,90,107,128,189,147,137,114,93,41,30
E07000224,Arun,E01031404,Arun 014A,1198,101,87,84,106,78,82,83,86,100,80,67,65,56,33,31,25,19,11,4
E07000224,Arun,E01031433,Arun 014B,1440,76,58,89,108,114,82,59,55,107,113,76,74,93,96,97,53,52,28,10
E07000224,Arun,E01031434,Arun 014C,1609,81,67,75,83,147,120,132,102,121,137,105,93,72,68,53,34,56,30,33
E07000224,Arun,E01031441,Arun 014D,1640,111,82,77,89,125,121,106,89,99,125,93,90,86,76,85,73,64,35,14
E07000224,Arun,E01031442,Arun 014E,1589,108,100,92,97,152,129,116,90,131,104,99,77,70,65,55,41,26,19,18
E07000224,Arun,E01031416,Arun 015A,1582,52,62,82,106,62,30,40,59,90,131,124,118,166,138,103,82,76,40,21
E07000224,Arun,E01031418,Arun 015B,1683,50,72,90,90,55,50,55,71,114,100,116,126,155,152,136,114,72,44,21
E07000224,Arun,E01031419,Arun 015C,1631,65,72,83,80,69,47,50,85,125,126,100,96,139,113,108,94,77,60,42
E07000224,Arun,E01031420,Arun 015D,1628,53,81,80,80,50,51,44,75,108,111,79,108,159,116,116,129,88,60,40
E07000224,Arun,E01031421,Arun 015E,1725,80,104,106,107,57,41,68,95,135,115,88,91,138,143,114,81,77,52,33
E07000224,Arun,E01031443,Arun 016A,1348,83,75,116,113,86,64,75,93,119,112,93,75,79,54,45,24,26,13,3
E07000224,Arun,E01031444,Arun 016B,1590,118,83,92,104,152,156,112,110,142,110,101,73,64,62,40,32,21,10,8
E07000224,Arun,E01031450,Arun 016C,1252,88,82,97,94,71,107,93,92,104,96,91,51,52,40,44,24,13,8,5
E07000224,Arun,E01031451,Arun 016D,1467,97,99,80,98,84,105,85,122,122,94,82,55,89,70,60,57,35,22,11
E07000224,Arun,E01031452,Arun 016E,1491,75,80,111,92,71,71,91,94,107,123,100,84,87,75,65,43,43,33,46
E07000224,Arun,E01031431,Arun 017A,1615,30,20,14,241,326,205,108,60,69,54,45,61,65,52,68,62,53,45,37
E07000224,Arun,E01031432,Arun 017B,1892,118,56,22,83,207,226,137,124,122,127,111,84,86,98,74,57,73,49,38
E07000224,Arun,E01031435,Arun 017C,1687,76,53,54,65,118,122,117,116,100,125,89,90,111,114,90,75,53,75,44
E07000224,Arun,E01031436,Arun 017D,1803,128,53,35,56,176,218,162,130,126,103,107,85,92,73,58,77,58,43,23
E07000224,Arun,E01031437,Arun 017E,1980,116,41,44,68,167,198,163,124,137,109,127,98,110,100,88,65,53,91,81
E07000224,Arun,E01031453,Arun 017F,1661,65,49,66,84,136,114,93,70,114,105,118,92,89,81,87,93,91,66,48
E07000224,Arun,E01031380,Arun 018A,1554,46,41,54,69,36,37,41,56,78,77,89,121,152,183,165,124,76,72,37
E07000224,Arun,E01031381,Arun 018B,1601,65,47,60,55,65,56,50,61,78,93,85,109,139,151,111,104,114,89,69
E07000224,Arun,E01031382,Arun 018C,1688,74,53,44,61,56,61,62,94,82,90,82,112,153,182,150,145,126,38,23
E07000224,Arun,E01031383,Arun 018D,1571,43,42,46,67,45,25,29,46,57,78,113,111,185,165,175,133,100,76,35
E07000224,Arun,E01031384,Arun 018E,1710,68,68,60,83,54,60,53,73,93,119,114,97,160,131,146,136,110,61,24
E07000224,Arun,E01031385,Arun 019A,1561,86,76,70,64,49,63,73,79,87,104,78,82,134,115,112,124,90,48,27
E07000224,Arun,E01031445,Arun 019B,1549,49,44,64,50,48,56,59,51,70,88,51,69,141,200,184,160,100,47,18
E07000224,Arun,E01031446,Arun 019C,1330,62,60,50,53,36,71,64,74,75,78,78,71,119,114,108,84,68,48,17
E07000224,Arun,E01031447,Arun 019D,1528,61,55,54,59,53,41,49,64,85,110,109,76,132,160,144,110,96,52,18
E07000224,Arun,E01031448,Arun 019E,1534,58,51,45,58,42,65,66,63,78,109,92,95,198,151,127,102,81,42,11
E07000224,Arun,E01031449,Arun 019F,1597,96,85,102,111,79,66,81,106,126,123,92,120,99,96,74,56,42,33,10
E07000225,Chichester,E01031502,Chichester 001A,1576,128,133,108,83,48,40,70,145,141,143,121,88,93,80,51,49,32,16,7
E07000225,Chichester,E01031503,Chichester 001B,1674,86,145,161,100,63,55,66,100,118,135,150,100,102,86,50,67,42,35,13
E07000225,Chichester,E01031504,Chichester 001C,2084,156,127,100,92,58,85,123,144,128,161,146,126,156,137,100,99,85,41,20
E07000225,Chichester,E01031519,Chichester 001D,1406,101,85,83,71,47,55,55,107,119,111,107,93,109,101,66,44,27,18,7
E07000225,Chichester,E01031517,Chichester 002A,1827,110,128,110,91,56,37,65,104,154,165,153,112,155,145,91,71,45,31,4
E07000225,Chichester,E01031518,Chichester 002B,1551,69,101,115,82,40,33,40,50,119,162,136,118,133,118,95,71,43,19,7
E07000225,Chichester,E01031544,Chichester 002C,1279,82,81,77,69,58,39,65,64,103,112,105,76,108,72,61,54,34,15,4
E07000225,Chichester,E01031545,Chichester 002D,1198,45,71,56,61,50,42,32,67,86,83,100,100,99,89,73,65,41,26,12
E07000225,Chichester,E01031508,Chichester 003A,2026,91,98,116,101,68,60,57,110,165,179,162,154,158,159,104,103,77,37,27
E07000225,Chichester,E01031520,Chichester 003B,1322,50,67,81,74,51,29,42,57,110,115,93,83,122,90,66,55,60,49,28
E07000225,Chichester,E01031521,Chichester 003C,1125,68,69,60,51,26,43,42,59,94,88,81,103,111,87,59,41,28,9,6
E07000225,Chichester,E01031536,Chichester 003D,1148,53,60,77,51,31,38,22,52,81,114,106,91,102,70,87,49,34,21,9
E07000225,Chichester,E01031497,Chichester 004A,1358,77,70,85,74,60,39,56,69,110,125,91,79,101,86,65,63,52,33,23
E07000225,Chichester,E01031511,Chichester 004C,1460,55,55,60,49,63,42,56,70,94,98,88,96,111,118,126,108,90,58,23
E07000225,Chichester,E01031512,Chichester 004D,1874,103,84,94,128,116,102,93,104,131,119,125,122,145,114,95,67,81,33,18
E07000225,Chichester,E01032717,Chichester 004F,2546,124,118,104,111,98,102,104,111,167,193,180,177,205,181,163,151,121,92,44
E07000225,Chichester,E01031478,Chichester 005A,1134,43,49,92,105,43,24,26,49,73,82,105,82,94,92,68,50,29,22,6
E07000225,Chichester,E01031479,Chichester 005B,1067,30,56,69,50,27,35,26,39,69,97,70,87,117,97,54,33,49,33,29
E07000225,Chichester,E01031498,Chichester 005C,1134,37,87,73,73,44,26,32,64,80,102,103,76,74,81,55,56,43,20,8
E07000225,Chichester,E01031514,Chichester 005D,1696,80,78,84,53,59,58,58,93,111,102,126,97,133,118,121,95,107,69,54
E07000225,Chichester,E01031515,Chichester 005E,1593,109,90,97,78,85,91,98,98,91,121,102,79,132,84,89,72,42,22,13
E07000225,Chichester,E01031516,Chichester 005F,1453,57,78,79,71,39,40,33,67,107,138,117,133,143,123,72,69,51,19,17
E07000225,Chichester,E01031477,Chichester 006A,2235,99,124,114,109,84,99,100,108,155,172,159,160,187,142,144,120,80,44,35
E07000225,Chichester,E01031485,Chichester 006B,1511,42,67,97,73,74,28,32,56,86,82,108,99,129,131,123,117,99,50,18
E07000225,Chichester,E01031487,Chichester 006C,1528,63,66,60,96,112,41,43,59,73,93,77,89,143,133,116,90,79,61,34
E07000225,Chichester,E01031509,Chichester 006D,2365,124,108,136,144,121,112,95,142,173,185,215,149,174,142,112,106,59,49,19
E07000225,Chichester,E01031506,Chichester 007A,1268,52,74,85,77,33,24,43,75,90,105,104,89,99,118,67,54,50,21,8
E07000225,Chichester,E01031507,Chichester 007B,1403,58,66,93,84,42,40,46,62,107,125,122,109,125,90,93,74,33,15,19
E07000225,Chichester,E01031531,Chichester 007C,1316,57,71,76,81,46,41,50,65,101,101,90,78,117,99,79,76,46,26,16
E07000225,Chichester,E01031533,Chichester 007D,1150,59,43,69,69,64,57,42,74,80,93,75,80,73,52,47,59,50,52,12
E07000225,Chichester,E01031543,Chichester 007E,2309,134,164,134,123,63,83,104,156,177,206,172,164,167,146,124,95,60,25,12
E07000225,Chichester,E01031482,Chichester 008A,1497,96,61,68,114,194,140,114,101,93,107,101,79,59,40,43,41,29,11,6
E07000225,Chichester,E01031483,Chichester 008B,2354,164,123,120,176,302,221,179,167,163,165,136,118,87,77,45,53,28,24,6
E07000225,Chichester,E01031486,Chichester 008C,1792,47,31,32,282,234,124,106,92,56,67,70,72,98,107,99,95,92,65,23
E07000225,Chichester,E01031488,Chichester 008D,1894,137,88,79,217,323,180,139,115,77,102,91,60,79,60,46,47,29,13,12
E07000225,Chichester,E01031494,Chichester 008E,1591,113,76,54,94,136,101,77,83,91,119,91,82,90,70,78,96,78,41,21
E07000225,Chichester,E01031495,Chichester 008F,1577,63,53,72,84,155,82,85,88,110,97,77,96,98,84,76,89,102,43,23
E07000225,Chichester,E01031475,Chichester 009A,1356,47,79,87,63,38,37,40,64,96,120,107,85,103,100,78,58,55,44,55
E07000225,Chichester,E01031476,Chichester 009B,1480,63,70,70,57,36,44,36,74,85,119,105,90,141,137,108,99,75,39,32
E07000225,Chichester,E01031532,Chichester 009C,1642,160,117,86,105,224,214,171,132,107,57,49,41,47,40,23,31,24,9,5
E07000225,Chichester,E01031534,Chichester 009D,1718,92,54,79,68,57,76,69,97,98,118,143,112,162,132,119,96,63,55,28
E07000225,Chichester,E01031535,Chichester 009E,1622,85,78,90,80,40,65,88,69,94,115,128,116,124,116,82,82,76,55,39
E07000225,Chichester,E01031480,Chichester 010A,1337,97,63,67,70,127,136,134,96,102,100,85,59,72,41,34,29,14,9,2
E07000225,Chichester,E01031481,Chichester 010B,1511,90,50,60,77,133,142,103,110,104,88,80,79,95,93,73,62,39,18,15
E07000225,Chichester,E01031484,Chichester 010C,1781,81,58,59,97,207,129,108,116,109,108,89,102,124,91,80,78,79,48,18
E07000225,Chichester,E01031490,Chichester 010D,1909,50,56,53,185,190,123,109,80,84,91,81,69,103,83,113,93,130,122,94
E07000225,Chichester,E01031491,Chichester 010E,1836,96,83,71,121,130,147,143,108,117,136,106,73,121,84,85,90,66,42,17
E07000225,Chichester,E01031474,Chichester 011A,1420,68,68,93,74,53,50,92,72,103,130,99,103,104,89,70,61,52,23,16
E07000225,Chichester,E01031493,Chichester 011B,1679,76,67,62,118,97,74,66,82,88,119,88,109,120,114,111,114,88,60,26
E07000225,Chichester,E01031496,Chichester 011C,2228,99,115,141,111,106,89,99,135,176,188,149,144,178,121,111,99,79,49,39
E07000225,Chichester,E01031505,Chichester 011D,2325,101,123,130,126,92,92,92,144,177,182,157,146,167,142,121,144,76,63,50
E07000225,Chichester,E01031489,Chichester 012A,1534,63,77,89,99,116,71,82,95,108,124,106,98,94,81,60,76,40,35,20
E07000225,Chichester,E01031492,Chichester 012B,1464,75,80,96,119,146,82,79,87,90,111,92,66,87,59,72,52,35,25,11
E07000225,Chichester,E01031513,Chichester 012C,2252,116,112,218,109,87,84,111,116,162,168,163,157,168,170,124,71,73,27,16
E07000225,Chichester,E01031530,Chichester 012D,1257,68,61,92,76,55,57,69,64,94,93,101,87,97,87,65,44,25,16,6
E07000225,Chichester,E01031538,Chichester 012E,1553,96,99,117,115,123,85,86,98,110,111,94,96,98,70,48,51,33,17,6
E07000225,Chichester,E01031539,Chichester 012F,1072,80,71,49,61,59,94,110,101,75,82,66,51,64,42,27,19,12,8,1
E07000225,Chichester,E01031499,Chichester 013A,1831,126,87,102,96,95,83,119,116,115,111,119,119,145,129,76,71,60,44,18
E07000225,Chichester,E01031500,Chichester 013B,1887,80,75,73,98,85,71,64,78,105,129,158,144,159,145,128,100,85,66,44
E07000225,Chichester,E01031501,Chichester 013C,1399,47,47,73,70,64,61,48,52,71,86,90,95,112,101,101,87,91,62,41
E07000225,Chichester,E01031529,Chichester 013D,1171,61,55,55,63,48,43,36,45,93,97,101,92,99,82,68,50,48,23,12
E07000225,Chichester,E01031540,Chichester 013E,1364,42,40,60,53,35,31,34,47,84,89,78,83,121,155,125,95,86,62,44
E07000225,Chichester,E01031541,Chichester 013F,1336,37,38,58,39,58,37,36,55,54,77,90,84,104,140,109,110,107,73,30
E07000225,Chichester,E01031542,Chichester 013G,1772,66,84,86,90,51,51,62,72,121,129,131,122,167,154,125,105,90,36,30
E07000225,Chichester,E01031522,Chichester 014A,1970,125,120,88,109,92,77,104,109,130,126,124,116,142,130,101,91,88,67,31
E07000225,Chichester,E01031523,Chichester 014B,1565,58,64,94,95,62,60,46,70,98,96,91,98,154,144,111,94,63,49,18
E07000225,Chichester,E01031524,Chichester 014C,1485,46,47,51,41,44,45,40,50,65,68,103,122,147,161,158,115,80,72,30
E07000225,Chichester,E01031525,Chichester 014D,1345,40,50,65,79,60,53,60,50,60,103,97,104,143,107,100,75,64,20,15
E07000225,Chichester,E01031526,Chichester 014E,1381,48,73,62,73,50,42,53,59,62,68,91,101,122,133,87,99,58,63,37
E07000225,Chichester,E01031527,Chichester 014F,1539,45,64,82,80,54,43,42,50,95,113,92,98,140,158,132,132,61,42,16
E07000225,Chichester,E01031528,Chichester 014G,1452,66,60,64,59,73,74,58,62,82,96,87,122,98,101,91,98,75,60,26
E07000226,Crawley,E01031573,Crawley 001A,1623,137,114,83,105,103,118,137,134,109,106,94,82,65,53,36,53,46,39,9
E07000226,Crawley,E01031574,Crawley 001B,1868,160,133,123,118,102,158,169,151,165,123,104,67,72,55,43,55,42,22,6
E07000226,Crawley,E01031575,Crawley 001C,1776,119,109,94,97,141,188,204,140,128,125,121,82,74,44,31,26,31,17,5
E07000226,Crawley,E01031576,Crawley 001D,1629,141,137,111,82,87,158,137,107,81,94,97,92,74,51,45,47,50,27,11
E07000226,Crawley,E01031577,Crawley 001E,1359,111,82,69,67,95,170,109,97,81,77,87,68,57,49,54,30,31,18,7
E07000226,Crawley,E01031586,Crawley 002A,1787,195,140,90,77,109,144,192,159,137,99,106,80,98,49,36,25,31,12,8
E07000226,Crawley,E01031587,Crawley 002B,1681,86,76,87,100,114,101,111,96,113,139,139,107,157,80,64,53,36,10,12
E07000226,Crawley,E01031588,Crawley 002C,1498,80,86,87,97,85,73,84,123,104,113,115,80,100,72,55,55,50,28,11
E07000226,Crawley,E01031590,Crawley 002D,1593,100,80,80,95,102,82,113,124,121,132,139,119,118,61,49,41,20,15,2
E07000226,Crawley,E01031593,Crawley 002E,1399,74,60,78,75,72,106,94,108,114,127,131,89,88,51,41,53,23,11,4
E07000226,Crawley,E01031570,Crawley 003A,1394,85,72,83,84,84,94,93,77,103,110,104,84,72,61,33,46,51,35,23
E07000226,Crawley,E01031571,Crawley 003B,1645,120,113,101,95,104,97,124,136,126,105,89,87,68,51,55,71,59,30,14
E07000226,Crawley,E01031572,Crawley 003C,1511,100,81,67,69,80,121,102,94,99,88,100,88,70,51,42,70,90,57,42
E07000226,Crawley,E01031609,Crawley 003D,1571,119,96,91,103,92,115,108,116,108,109,97,94,94,61,46,39,40,31,12
E07000226,Crawley,E01031610,Crawley 003E,1801,147,106,73,81,130,191,157,141,111,99,90,81,78,50,55,52,66,69,24
E07000226,Crawley,E01031583,Crawley 004A,1978,161,85,71,82,193,278,245,155,148,107,134,99,61,33,28,37,39,15,7
E07000226,Crawley,E01031584,Crawley 004B,1663,118,95,85,104,123,148,121,121,116,118,103,76,90,49,40,42,59,36,19
E07000226,Crawley,E01031585,Crawley 004C,1657,87,60,87,100,123,167,154,93,106,112,95,86,91,64,55,54,66,45,12
E07000226,Crawley,E01031601,Crawley 004D,1244,77,77,69,77,83,63,79,79,103,91,68,81,73,56,31,55,41,30,11
E07000226,Crawley,E01032835,Crawley 004F,1473,179,49,24,30,235,303,239,134,84,39,29,31,15,6,22,19,22,9,4
E07000226,Crawley,E01032836,Crawley 004G,1658,107,88,91,86,109,153,149,120,128,95,93,85,76,68,51,41,66,33,19
E07000226,Crawley,E01031589,Crawley 005A,1767,94,107,115,88,92,131,133,130,132,129,102,105,86,77,63,66,65,37,15
E07000226,Crawley,E01031591,Crawley 005B,1814,112,116,117,110,118,206,182,144,135,128,102,59,63,37,58,31,47,34,15
E07000226,Crawley,E01031594,Crawley 005C,1418,124,98,79,75,80,97,120,104,94,88,84,67,82,64,45,51,40,20,6
E07000226,Crawley,E01031600,Crawley 005D,1394,89,77,65,76,79,78,119,109,121,83,98,77,77,53,45,50,49,30,19
E07000226,Crawley,E01031603,Crawley 005E,1484,93,75,83,90,113,137,129,107,98,101,93,92,86,42,29,44,48,19,5
E07000226,Crawley,E01031564,Crawley 006A,1478,93,56,84,90,88,123,97,90,107,102,101,91,74,48,92,81,40,13,8
E07000226,Crawley,E01031565,Crawley 006B,2168,161,151,130,168,124,145,143,163,155,148,118,114,90,87,71,73,77,41,9
E07000226,Crawley,E01031566,Crawley 006C,1606,89,71,95,86,101,112,89,78,115,145,120,97,124,62,65,75,54,25,3
E07000226,Crawley,E01031567,Crawley 006D,1364,74,65,73,76,82,83,82,80,82,117,84,91,80,55,73,48,60,30,29
E07000226,Crawley,E01031568,Crawley 006E,1391,132,75,70,63,88,147,152,135,101,113,86,70,52,40,20,19,21,6,1
E07000226,Crawley,E01031596,Crawley 007A,1875,165,129,99,100,120,155,185,153,122,123,99,79,69,62,47,57,53,42,16
E07000226,Crawley,E01031597,Crawley 007B,1498,63,72,87,81,87,103,83,82,108,103,101,100,107,78,84,55,59,33,12
E07000226,Crawley,E01031598,Crawley 007C,1717,131,72,65,73,113,193,175,115,112,97,92,75,75,44,58,59,56,63,49
E07000226,Crawley,E01031599,Crawley 007D,1751,135,77,81,83,112,167,191,138,131,122,118,76,75,57,57,43,42,29,17
E07000226,Crawley,E01031608,Crawley 007E,1748,143,86,58,111,161,213,170,137,124,114,94,92,68,39,44,39,23,26,6
E07000226,Crawley,E01031578,Crawley 008A,1790,172,110,93,98,68,125,176,204,184,165,124,79,81,40,34,17,11,6,3
E07000226,Crawley,E01031580,Crawley 008B,2348,222,202,199,137,103,156,208,224,278,204,138,92,69,46,35,21,5,6,3
E07000226,Crawley,E01031581,Crawley 008C,1785,147,156,172,102,56,81,135,182,245,182,91,93,56,33,25,16,8,3,2
E07000226,Crawley,E01031592,Crawley 008D,2020,125,126,123,116,87,139,116,153,146,182,173,128,164,93,50,47,32,12,8
E07000226,Crawley,E01031560,Crawley 009A,1476,77,64,75,88,72,60,85,69,99,112,122,107,115,86,72,70,74,23,6
E07000226,Crawley,E01031561,Crawley 009B,1432,68,59,73,73,82,99,90,73,88,108,101,97,96,100,73,59,53,28,12
E07000226,Crawley,E01031562,Crawley 009C,1287,92,66,55,47,68,127,98,77,74,87,79,67,86,63,52,45,56,29,19
E07000226,Crawley,E01031563,Crawley 009D,1304,42,43,87,87,87,77,55,76,74,103,106,67,84,69,53,60,68,47,19
E07000226,Crawley,E01031579,Crawley 009E,1628,128,108,109,98,77,167,176,170,147,140,88,67,46,23,16,21,19,22,6
E07000226,Crawley,E01031582,Crawley 009F,1818,168,131,114,66,91,194,242,197,217,151,85,60,46,25,9,7,7,5,3
E07000226,Crawley,E01031547,Crawley 010A,1332,92,92,94,96,117,109,115,108,121,101,97,59,47,26,25,13,11,8,1
E07000226,Crawley,E01031548,Crawley 010B,1596,148,103,87,105,124,137,136,130,119,143,102,89,60,40,30,16,14,7,6
E07000226,Crawley,E01031549,Crawley 010C,1482,143,102,102,105,114,163,130,105,111,118,109,63,56,20,13,17,8,3,0
E07000226,Crawley,E01031550,Crawley 010D,1455,103,99,121,109,116,103,115,119,131,144,135,75,29,27,14,8,3,4,0
E07000226,Crawley,E01031569,Crawley 010E,1577,128,116,94,90,60,105,167,119,112,85,85,89,121,75,60,25,30,12,4
E07000226,Crawley,E01031595,Crawley 011A,1692,130,103,113,99,128,152,134,102,124,105,116,67,80,46,59,57,50,17,10
E07000226,Crawley,E01031604,Crawley 011B,1563,100,91,81,86,90,106,102,119,131,118,85,84,81,59,60,67,55,36,12
E07000226,Crawley,E01031605,Crawley 011C,1574,120,122,95,103,92,111,124,110,98,100,101,65,59,62,56,79,49,21,7
E07000226,Crawley,E01031606,Crawley 011D,1523,107,116,107,90,55,78,106,107,119,109,83,79,80,70,62,76,51,20,8
E07000226,Crawley,E01031607,Crawley 011E,1418,114,98,85,83,79,72,97,104,98,92,94,84,62,62,61,58,46,23,6
E07000226,Crawley,E01031546,Crawley 012A,1455,131,98,98,125,95,142,140,106,100,103,108,85,69,26,8,9,5,4,3
E07000226,Crawley,E01031551,Crawley 012B,1545,128,119,105,135,120,156,142,113,124,103,93,86,56,16,21,17,7,3,1
E07000226,Crawley,E01031553,Crawley 012C,1559,137,123,147,182,112,96,133,123,145,120,80,65,49,21,9,9,6,2,0
E07000226,Crawley,E01031554,Crawley 012D,1714,166,104,90,85,128,175,200,158,139,118,75,91,90,40,28,10,13,4,0
E07000226,Crawley,E01031555,Crawley 012E,1563,135,128,117,141,111,131,119,132,112,94,88,65,72,53,34,22,4,4,1
E07000226,Crawley,E01031552,Crawley 013A,1898,170,119,104,76,164,213,165,132,127,103,98,121,131,63,36,29,26,16,5
E07000226,Crawley,E01031556,Crawley 013B,1655,126,110,169,134,92,149,171,152,151,121,105,66,47,25,19,9,8,1,0
E07000226,Crawley,E01031557,Crawley 013C,1726,160,70,49,48,114,246,239,169,143,134,118,85,76,27,22,16,5,4,1
E07000226,Crawley,E01031558,Crawley 013D,1572,142,113,114,122,105,112,110,92,118,98,99,68,89,68,43,36,25,11,7
E07000226,Crawley,E01031559,Crawley 013E,1529,149,129,127,99,85,145,153,125,105,93,84,83,66,43,18,12,9,3,1
E07000227,Horsham,E01031670,Horsham 001A,1564,105,61,87,72,93,135,135,128,125,107,103,83,81,67,60,46,34,28,14
E07000227,Horsham,E01031671,Horsham 001B,1628,92,86,90,79,77,100,93,124,147,143,148,105,124,75,61,39,26,13,6
E07000227,Horsham,E01031673,Horsham 001C,1567,107,78,100,91,87,93,124,123,116,135,116,90,102,59,51,44,25,16,10
E07000227,Horsham,E01031676,Horsham 001D,2722,131,171,224,151,100,115,130,163,259,236,227,186,207,172,95,71,39,29,16
E07000227,Horsham,E01031644,Horsham 002A,1441,87,96,104,95,62,62,66,101,134,113,131,118,114,59,34,28,22,8,7
E07000227,Horsham,E01031645,Horsham 002B,1439,91,101,108,111,57,74,92,104,140,168,116,73,71,49,37,29,13,4,1
E07000227,Horsham,E01031646,Horsham 002C,1529,83,118,122,112,65,66,77,116,140,185,143,97,70,56,34,21,17,6,1
E07000227,Horsham,E01031647,Horsham 002D,1197,79,68,84,73,62,55,72,79,96,110,105,73,86,42,36,24,18,18,17
E07000227,Horsham,E01031649,Horsham 002E,1147,68,71,78,70,64,58,93,71,117,81,96,57,95,50,26,30,4,11,7
E07000227,Horsham,E01031650,Horsham 002F,1320,82,84,102,117,43,32,55,78,108,139,143,92,76,63,34,36,20,9,7
E07000227,Horsham,E01031666,Horsham 002G,1602,95,95,82,91,48,43,72,110,110,119,122,101,151,133,81,80,39,21,9
E07000227,Horsham,E01031668,Horsham 002H,1531,73,87,85,74,59,48,59,100,96,96,111,100,130,108,88,94,69,34,20
E07000227,Horsham,E01031620,Horsham 003A,1601,113,89,106,107,96,76,121,103,135,151,126,84,83,71,44,42,30,18,6
E07000227,Horsham,E01031648,Horsham 003B,1670,97,79,76,77,94,130,139,93,115,138,109,92,99,76,67,82,57,37,13
E07000227,Horsham,E01031651,Horsham 003C,1693,129,119,117,110,74,91,106,154,137,128,123,88,81,67,43,32,41,26,27
E07000227,Horsham,E01031658,Horsham 003D,2068,112,109,115,119,75,85,102,116,197,154,168,128,151,127,100,88,64,38,20
E07000227,Horsham,E01031689,Horsham 003E,1566,103,96,88,89,93,93,132,118,127,142,101,69,73,62,40,56,44,24,16
E07000227,Horsham,E01031654,Horsham 004A,1597,64,88,121,102,71,56,61,98,114,141,130,94,84,82,89,72,60,37,33
E07000227,Horsham,E01031655,Horsham 004B,1524,135,102,99,71,71,98,144,132,149,120,115,78,64,31,28,39,27,13,8
E07000227,Horsham,E01031667,Horsham 004C,1565,91,95,94,85,71,84,99,104,115,111,95,95,124,94,70,58,44,22,14
E07000227,Horsham,E01031669,Horsham 004D,1570,88,99,106,98,78,110,117,124,121,134,104,95,64,55,50,47,37,28,15
E07000227,Horsham,E01031672,Horsham 004E,1730,114,72,74,69,103,159,162,155,124,123,113,96,69,55,55,70,57,39,21
E07000227,Horsham,E01031657,Horsham 005A,2055,93,110,133,114,114,108,88,109,150,188,177,120,162,115,97,57,73,30,17
E07000227,Horsham,E01031659,Horsham 005B,1565,77,89,139,118,56,48,54,74,125,148,122,130,107,81,66,43,31,32,25
E07000227,Horsham,E01031674,Horsham 005C,1337,48,71,89,130,49,39,37,64,95,122,109,90,120,80,68,49,39,26,12
E07000227,Horsham,E01031675,Horsham 005D,1385,69,102,89,69,46,50,44,79,109,113,124,119,109,85,59,50,41,16,12
E07000227,Horsham,E01031636,Horsham 006A,2199,133,99,69,71,150,198,184,168,151,144,120,86,79,90,81,128,112,85,51
E07000227,Horsham,E01031652,Horsham 006B,1767,141,127,131,140,102,89,102,133,140,141,117,80,68,69,48,46,50,27,16
E07000227,Horsham,E01031653,Horsham 006C,1731,97,67,84,96,100,178,146,130,129,122,112,95,62,48,35,46,53,67,64
E07000227,Horsham,E01031656,Horsham 006D,1740,138,86,95,89,110,128,128,142,172,129,105,81,72,44,63,44,49,48,17
E07000227,Horsham,E01031688,Horsham 006E,1371,75,84,94,67,55,63,69,95,106,81,86,83,83,73,72,61,59,45,20
E07000227,Horsham,E01031691,Horsham 006F,1652,112,90,69,69,49,80,118,122,134,143,94,95,86,90,90,93,68,36,14
E07000227,Horsham,E01031619,Horsham 007A,1511,83,83,100,101,88,110,106,86,144,159,113,98,84,40,55,35,14,10,2
E07000227,Horsham,E01031637,Horsham 007B,1883,113,113,104,93,100,112,130,144,148,144,119,104,124,80,65,72,77,23,18
E07000227,Horsham,E01031638,Horsham 007C,1791,121,91,93,81,90,122,143,130,143,142,142,138,105,68,56,45,45,21,15
E07000227,Horsham,E01031690,Horsham 007D,1516,71,93,90,73,50,32,51,80,104,118,116,127,133,93,83,69,74,37,22
E07000227,Horsham,E01031639,Horsham 008A,1874,96,91,102,93,65,106,121,111,138,172,131,117,147,99,71,78,66,47,23
E07000227,Horsham,E01031640,Horsham 008B,1808,55,94,121,132,55,34,35,73,120,175,146,127,177,142,130,89,59,34,10
E07000227,Horsham,E01031660,Horsham 008C,1242,54,67,98,45,41,33,29,50,94,112,116,86,129,94,71,51,43,23,6
E07000227,Horsham,E01031661,Horsham 008D,1557,51,65,91,86,81,50,49,66,149,151,130,126,139,103,91,71,35,19,4
E07000227,Horsham,E01031679,Horsham 008E,2038,84,101,435,485,48,59,85,76,123,110,99,97,62,55,41,26,32,17,3
E07000227,Horsham,E01031677,Horsham 009A,1490,104,83,86,95,85,77,84,93,108,118,105,91,87,78,62,54,53,15,12
E07000227,Horsham,E01031678,Horsham 009B,1631,91,111,146,139,81,44,40,114,146,174,168,111,97,63,32,35,25,12,2
E07000227,Horsham,E01031680,Horsham 009C,1394,58,98,134,115,66,32,37,77,163,165,145,91,73,46,32,29,25,7,1
E07000227,Horsham,E01031681,Horsham 009D,1512,108,131,110,109,67,76,97,126,145,139,104,68,67,41,37,32,37,13,5
E07000227,Horsham,E01031682,Horsham 009E,1188,80,86,94,89,47,55,82,118,140,119,88,61,54,20,23,16,14,1,1
E07000227,Horsham,E01031683,Horsham 009F,1477,113,85,83,86,83,109,137,119,119,110,105,97,63,55,41,28,31,11,2
E07000227,Horsham,E01031611,Horsham 010A,1612,58,81,115,79,69,47,47,80,158,159,149,127,143,111,74,54,32,23,6
E07000227,Horsham,E01031612,Horsham 010B,2109,184,113,138,91,69,114,146,186,185,155,131,135,134,104,94,67,35,23,5
E07000227,Horsham,E01031613,Horsham 010C,2063,145,124,168,107,87,69,109,155,202,175,127,134,135,110,87,62,33,24,10
E07000227,Horsham,E01031614,Horsham 010D,2054,136,157,166,122,77,109,148,171,176,149,119,82,81,65,80,62,51,62,41
E07000227,Horsham,E01031615,Horsham 010E,1541,70,80,83,64,56,64,82,68,108,108,117,92,128,115,94,85,67,28,32
E07000227,Horsham,E01031632,Horsham 011A,1475,59,72,80,82,48,41,56,91,119,143,151,135,148,107,64,43,19,15,2
E07000227,Horsham,E01031633,Horsham 011B,1293,69,75,74,74,61,25,45,68,101,129,112,94,107,86,77,52,31,9,4
E07000227,Horsham,E01031634,Horsham 011C,1306,74,73,90,74,46,76,74,73,99,120,107,71,67,59,39,39,62,43,20
E07000227,Horsham,E01031635,Horsham 011D,1426,80,103,85,102,62,64,71,130,110,131,116,80,97,71,49,37,25,10,3
E07000227,Horsham,E01031621,Horsham 012A,1664,18,52,55,43,46,16,19,41,73,118,120,146,209,222,168,139,103,56,20
E07000227,Horsham,E01031623,Horsham 012B,1713,57,74,76,71,72,40,47,70,107,134,154,147,177,152,116,96,65,36,22
E07000227,Horsham,E01031627,Horsham 012C,1992,77,95,137,125,71,51,66,68,144,172,138,133,181,148,113,108,87,60,18
E07000227,Horsham,E01031664,Horsham 012D,1615,77,71,80,86,37,45,49,82,107,145,128,130,166,129,94,90,56,30,13
E07000227,Horsham,E01031626,Horsham 013A,1490,85,92,69,58,46,38,53,72,114,109,110,126,126,118,99,65,59,26,25
E07000227,Horsham,E01031630,Horsham 013B,1697,86,80,73,65,63,66,86,70,97,110,90,118,172,125,122,107,89,58,20
E07000227,Horsham,E01031631,Horsham 013C,1559,88,75,74,56,66,75,78,80,85,106,69,86,130,126,105,90,79,66,25
E07000227,Horsham,E01031662,Horsham 013D,1554,73,55,69,70,74,76,72,103,118,129,101,104,122,81,71,66,77,46,47
E07000227,Horsham,E01031663,Horsham 013E,1773,112,90,117,99,85,104,113,139,144,126,116,95,96,110,92,56,39,26,14
E07000227,Horsham,E01031665,Horsham 013F,1205,54,59,45,60,47,43,42,50,80,132,103,107,92,88,71,55,31,28,18
E07000227,Horsham,E01031618,Horsham 014A,1339,45,81,76,82,63,35,33,61,94,124,145,99,118,95,75,56,29,18,10
E07000227,Horsham,E01031641,Horsham 014B,1638,67,60,78,80,42,60,45,75,104,117,103,96,124,131,114,105,93,60,84
E07000227,Horsham,E01031642,Horsham 014C,1849,83,117,105,113,57,50,76,83,138,155,139,134,137,139,111,85,70,39,18
E07000227,Horsham,E01031643,Horsham 014D,1639,103,101,77,99,79,71,75,94,104,112,116,78,92,109,78,95,65,53,38
E07000227,Horsham,E01031687,Horsham 014E,1668,103,85,85,178,106,71,65,98,120,138,108,100,119,73,79,58,41,31,10
E07000227,Horsham,E01031622,Horsham 015A,1609,81,86,114,99,67,61,77,107,158,134,130,102,113,109,66,52,35,15,3
E07000227,Horsham,E01031624,Horsham 015B,1517,86,78,109,90,61,36,61,105,146,138,144,116,112,86,64,45,24,11,5
E07000227,Horsham,E01031625,Horsham 015C,1435,71,101,92,102,63,42,44,92,123,170,99,107,106,86,56,33,28,8,12
E07000227,Horsham,E01031628,Horsham 015D,1470,69,65,221,101,66,61,61,58,92,99,97,83,103,73,61,56,37,42,25
E07000227,Horsham,E01031629,Horsham 015E,1435,50,60,76,63,37,31,40,54,99,119,121,113,163,138,103,67,50,35,16
E07000227,Horsham,E01031616,Horsham 016A,1600,91,92,109,100,72,71,76,110,121,132,120,103,101,99,91,51,32,16,13
E07000227,Horsham,E01031617,Horsham 016B,2375,109,108,145,152,98,89,93,145,157,207,160,155,212,167,146,100,65,38,29
E07000227,Horsham,E01031684,Horsham 016C,1457,67,70,85,81,51,41,42,87,112,132,118,109,127,95,78,74,54,22,12
E07000227,Horsham,E01031685,Horsham 016D,1723,74,82,73,84,42,55,54,105,112,125,103,112,143,130,106,89,91,79,64
E07000227,Horsham,E01031686,Horsham 016E,1421,46,63,89,76,53,26,40,56,86,113,85,92,140,117,122,89,68,39,21
E07000228,Mid Sussex,E01031731,Mid Sussex 001A,2010,154,138,117,125,128,118,104,146,140,150,137,102,82,93,86,62,60,41,27
E07000228,Mid Sussex,E01031732,Mid Sussex 001B,1881,118,138,134,111,86,105,117,128,147,151,133,103,113,68,55,41,51,41,41
E07000228,Mid Sussex,E01031733,Mid Sussex 001C,1764,130,100,97,104,83,118,125,126,144,136,104,128,97,86,43,37,40,36,30
E07000228,Mid Sussex,E01031734,Mid Sussex 001D,1664,73,93,110,131,72,92,77,83,125,159,145,125,122,90,61,52,29,23,2
E07000228,Mid Sussex,E01031741,Mid Sussex 001E,1646,98,61,63,57,95,183,137,126,134,99,83,94,96,85,56,53,55,52,19
E07000228,Mid Sussex,E01031742,Mid Sussex 001F,1871,77,59,78,80,97,129,158,105,130,125,113,85,130,91,55,84,110,102,63
E07000228,Mid Sussex,E01031743,Mid Sussex 001G,1644,119,82,86,72,99,144,131,113,134,142,112,92,106,84,44,38,22,16,8
E07000228,Mid Sussex,E01031718,Mid Sussex 002A,1846,95,94,121,105,130,93,81,103,174,169,162,118,130,89,63,52,47,13,7
E07000228,Mid Sussex,E01031719,Mid Sussex 002B,1792,69,121,129,109,81,95,95,104,148,159,135,112,131,94,60,60,38,27,25
E07000228,Mid Sussex,E01031720,Mid Sussex 002C,1454,61,98,97,94,59,44,62,88,105,116,127,89,116,78,68,67,46,23,16
E07000228,Mid Sussex,E01031722,Mid Sussex 002D,1435,69,74,139,269,46,58,75,80,89,99,102,72,94,50,41,35,24,12,7
E07000228,Mid Sussex,E01031695,Mid Sussex 003A,1565,79,93,161,102,74,80,75,84,123,106,120,96,106,81,64,47,30,23,21
E07000228,Mid Sussex,E01031696,Mid Sussex 003B,1319,74,78,72,80,66,46,65,70,96,114,111,98,93,83,57,54,34,19,9
E07000228,Mid Sussex,E01031729,Mid Sussex 003C,1792,76,88,109,108,78,80,82,100,125,146,154,130,159,145,91,56,43,16,6
E07000228,Mid Sussex,E01031730,Mid Sussex 003D,1821,150,110,113,106,96,164,169,171,175,171,126,96,69,42,24,17,12,5,5
E07000228,Mid Sussex,E01031735,Mid Sussex 003E,1691,80,73,103,107,87,81,78,90,140,152,135,142,146,111,60,52,24,20,10
E07000228,Mid Sussex,E01031736,Mid Sussex 004A,1676,74,87,94,98,76,75,70,97,113,146,115,118,130,123,81,74,52,34,19
E07000228,Mid Sussex,E01031737,Mid Sussex 004B,1539,112,100,102,109,67,71,95,143,132,106,113,74,91,75,57,46,24,13,9
E07000228,Mid Sussex,E01031738,Mid Sussex 004C,1246,56,68,78,72,41,32,43,61,87,106,85,98,105,73,61,64,66,31,19
E07000228,Mid Sussex,E01031739,Mid Sussex 004D,1762,86,93,95,107,100,97,74,115,128,164,113,121,132,122,72,63,51,22,7
E07000228,Mid Sussex,E01031740,Mid Sussex 004E,1325,66,72,57,86,69,70,70,83,92,105,94,86,101,69,56,60,48,30,11
E07000228,Mid Sussex,E01031721,Mid Sussex 005A,1502,65,62,71,79,55,42,53,64,98,108,79,110,143,124,127,99,63,39,21
E07000228,Mid Sussex,E01031723,Mid Sussex 005B,1408,42,79,76,77,69,66,41,56,108,122,129,133,131,110,58,52,36,11,12
E07000228,Mid Sussex,E01031724,Mid Sussex 005C,1386,76,86,94,109,76,71,76,96,99,117,129,108,111,62,32,24,13,6,1
E07000228,Mid Sussex,E01031725,Mid Sussex 005D,1474,77,96,82,76,69,54,60,84,125,103,93,114,150,105,81,41,34,19,11
E07000228,Mid Sussex,E01031694,Mid Sussex 006A,1936,88,109,148,307,68,83,80,128,137,152,115,117,122,76,76,44,48,30,8
E07000228,Mid Sussex,E01031764,Mid Sussex 006B,1457,75,105,93,67,47,51,33,96,108,133,114,105,105,92,75,49,48,32,29
E07000228,Mid Sussex,E01031765,Mid Sussex 006C,1604,79,108,113,109,73,72,60,81,120,162,119,111,124,86,67,61,38,15,6
E07000228,Mid Sussex,E01031766,Mid Sussex 006D,2181,94,112,155,123,104,103,89,116,170,193,166,162,181,153,85,70,59,31,15
E07000228,Mid Sussex,E01031692,Mid Sussex 007A,2178,188,139,136,133,82,131,181,173,190,180,143,119,107,77,53,75,36,24,11
E07000228,Mid Sussex,E01031693,Mid Sussex 007B,1917,120,118,103,101,57,79,83,135,149,150,140,115,132,104,69,83,70,67,42
E07000228,Mid Sussex,E01031697,Mid Sussex 007C,1239,76,80,74,62,38,39,49,68,92,133,111,89,88,75,46,42,34,27,16
E07000228,Mid Sussex,E01031727,Mid Sussex 007D,1753,85,121,144,106,48,41,39,96,154,177,122,115,136,133,81,54,48,25,28
E07000228,Mid Sussex,E01031758,Mid Sussex 008A,1392,74,86,99,91,72,59,58,98,99,108,129,136,109,84,45,22,13,5,5
E07000228,Mid Sussex,E01031760,Mid Sussex 008B,1767,125,117,111,89,92,106,116,141,129,152,110,105,104,85,62,38,38,28,19
E07000228,Mid Sussex,E01031772,Mid Sussex 008C,1663,92,84,92,82,62,70,86,87,144,122,80,90,132,97,81,77,67,66,52
E07000228,Mid Sussex,E01031773,Mid Sussex 008D,1973,122,133,119,95,53,60,82,121,161,145,127,131,140,141,100,79,86,52,26
E07000228,Mid Sussex,E01031774,Mid Sussex 008E,1637,105,103,106,67,45,38,72,104,139,121,94,103,143,116,87,81,60,39,14
E07000228,Mid Sussex,E01031775,Mid Sussex 008F,1721,113,100,86,60,40,61,69,117,113,110,97,105,141,137,109,103,83,51,26
E07000228,Mid Sussex,E01031751,Mid Sussex 009A,2613,182,168,139,122,156,269,242,252,240,176,143,122,142,80,59,58,35,22,6
E07000228,Mid Sussex,E01031759,Mid Sussex 009B,1647,99,85,87,86,85,107,99,114,142,130,99,114,107,86,70,59,45,23,10
E07000228,Mid Sussex,E01031761,Mid Sussex 009C,2035,97,61,49,45,144,270,243,156,127,113,105,87,106,81,67,59,75,78,72
E07000228,Mid Sussex,E01032837,Mid Sussex 009E,1406,110,93,60,44,41,69,121,111,104,83,63,45,64,65,43,54,80,79,77
E07000228,Mid Sussex,E01032838,Mid Sussex 009F,1319,157,94,60,52,68,158,161,187,125,83,48,38,41,23,12,11,1,0,0
E07000228,Mid Sussex,E01032839,Mid Sussex 009G,1133,39,51,45,31,76,109,100,77,79,85,72,60,84,59,45,40,44,20,17
E07000228,Mid Sussex,E01031752,Mid Sussex 010A,1432,141,118,106,95,85,99,104,95,104,114,69,68,73,51,40,24,22,18,6
E07000228,Mid Sussex,E01031753,Mid Sussex 010B,1363,78,89,86,64,71,70,85,107,108,113,96,74,75,62,49,65,41,26,4
E07000228,Mid Sussex,E01031754,Mid Sussex 010C,1580,112,81,96,101,81,88,124,132,111,131,99,95,94,66,47,40,40,29,13
E07000228,Mid Sussex,E01031755,Mid Sussex 010D,1323,97,81,89,66,58,94,100,103,99,101,102,75,75,51,31,40,34,16,11
E07000228,Mid Sussex,E01031757,Mid Sussex 010E,1520,106,81,92,71,89,108,122,104,104,109,114,80,102,68,62,45,32,18,13
E07000228,Mid Sussex,E01031726,Mid Sussex 011A,1474,106,122,116,85,73,50,80,121,134,136,115,70,79,63,46,35,20,13,10
E07000228,Mid Sussex,E01031728,Mid Sussex 011B,2029,103,131,150,110,77,66,82,118,159,165,117,123,175,139,100,74,75,38,27
E07000228,Mid Sussex,E01031749,Mid Sussex 011C,1475,104,84,90,73,51,70,99,113,137,116,106,86,84,95,57,46,38,14,12
E07000228,Mid Sussex,E01031750,Mid Sussex 011D,1478,115,72,90,79,88,108,113,109,113,102,98,91,77,63,58,51,30,15,6
E07000228,Mid Sussex,E01031756,Mid Sussex 011E,1829,113,109,90,103,113,131,113,134,132,136,127,126,125,99,57,46,42,24,9
E07000228,Mid Sussex,E01031763,Mid Sussex 011F,1745,101,94,116,93,75,81,84,95,120,147,115,105,136,126,86,78,51,30,12
E07000228,Mid Sussex,E01031699,Mid Sussex 012A,1677,132,102,102,109,90,129,120,147,171,157,124,95,81,42,21,18,21,15,1
E07000228,Mid Sussex,E01031700,Mid Sussex 012B,1711,100,138,170,132,60,61,94,152,212,190,115,83,71,48,34,29,15,5,2
E07000228,Mid Sussex,E01031701,Mid Sussex 012C,1847,122,128,138,115,75,116,152,138,165,170,112,99,92,86,46,49,24,14,6
E07000228,Mid Sussex,E01031714,Mid Sussex 012D,1538,105,93,101,108,78,80,84,125,102,97,99,82,86,71,52,57,55,41,22
E07000228,Mid Sussex,E01031704,Mid Sussex 013A,1745,142,113,86,80,84,126,127,125,155,109,99,100,100,94,77,64,40,19,5
E07000228,Mid Sussex,E01031706,Mid Sussex 013B,1694,88,83,96,106,90,77,78,109,121,137,101,129,134,97,86,71,47,24,20
E07000228,Mid Sussex,E01031711,Mid Sussex 013C,1748,104,105,107,112,79,92,98,149,156,145,132,104,99,78,60,52,50,19,7
E07000228,Mid Sussex,E01031712,Mid Sussex 013D,1486,116,75,98,101,68,108,98,108,129,101,79,81,106,50,45,57,42,13,11
E07000228,Mid Sussex,E01031713,Mid Sussex 013E,1393,54,60,105,80,54,37,58,76,109,115,106,100,112,95,111,61,38,18,4
E07000228,Mid Sussex,E01031705,Mid Sussex 014A,1568,114,103,92,110,85,112,155,115,122,96,108,96,76,73,38,21,27,14,11
E07000228,Mid Sussex,E01031707,Mid Sussex 014B,1578,63,74,87,92,79,72,83,72,124,105,106,108,137,105,87,71,61,37,15
E07000228,Mid Sussex,E01031708,Mid Sussex 014C,1659,107,69,81,91,124,161,169,121,127,115,111,74,62,57,48,32,43,37,30
E07000228,Mid Sussex,E01031709,Mid Sussex 014D,1606,83,75,84,98,84,116,99,102,134,136,107,86,95,85,57,40,64,35,26
E07000228,Mid Sussex,E01031716,Mid Sussex 014E,1266,117,117,107,76,60,102,98,79,108,75,73,51,42,56,45,36,14,10,0
E07000228,Mid Sussex,E01031717,Mid Sussex 014F,1406,106,92,91,64,71,108,121,131,126,94,85,78,68,62,27,38,27,10,7
E07000228,Mid Sussex,E01031702,Mid Sussex 015A,1487,65,65,85,90,73,74,54,63,100,106,124,128,128,94,67,65,45,28,33
E07000228,Mid Sussex,E01031703,Mid Sussex 015B,1702,42,60,97,132,74,44,42,46,84,123,141,134,154,122,109,113,78,53,54
E07000228,Mid Sussex,E01031710,Mid Sussex 015C,1431,63,79,88,72,74,63,56,89,90,108,89,96,115,90,75,86,63,25,10
E07000228,Mid Sussex,E01031715,Mid Sussex 015D,1567,120,142,105,72,66,59,110,154,190,152,118,85,61,35,35,26,22,10,5
E07000228,Mid Sussex,E01031698,Mid Sussex 016A,1668,90,102,134,132,83,49,59,104,123,155,154,129,111,89,47,57,29,15,6
E07000228,Mid Sussex,E01031767,Mid Sussex 016B,1533,79,88,122,159,62,67,57,94,123,111,91,105,97,80,66,48,48,26,10
E07000228,Mid Sussex,E01031769,Mid Sussex 016C,1783,149,133,142,89,78,72,104,145,169,148,115,100,103,68,54,35,34,26,19
E07000228,Mid Sussex,E01031770,Mid Sussex 016D,1666,102,97,113,83,40,47,94,107,134,150,130,126,144,93,67,48,45,30,16
E07000228,Mid Sussex,E01031771,Mid Sussex 016E,1576,119,109,135,102,93,47,96,125,153,141,100,101,88,53,38,39,28,7,2
E07000228,Mid Sussex,E01031744,Mid Sussex 017A,1469,64,70,122,74,61,50,55,92,87,134,110,91,117,93,95,72,41,27,14
E07000228,Mid Sussex,E01031745,Mid Sussex 017B,1796,123,89,82,69,79,101,82,129,122,113,93,92,107,130,99,97,96,57,36
E07000228,Mid Sussex,E01031746,Mid Sussex 017C,1640,99,92,119,98,81,90,85,120,104,153,132,103,85,57,64,40,56,39,23
E07000228,Mid Sussex,E01031747,Mid Sussex 017D,1433,55,68,76,65,42,36,43,71,95,113,108,75,107,103,104,104,93,58,17
E07000228,Mid Sussex,E01031748,Mid Sussex 017E,1329,70,77,89,69,44,39,49,65,101,100,80,88,100,83,71,83,59,36,26
E07000228,Mid Sussex,E01031768,Mid Sussex 017F,1526,78,105,83,60,48,27,41,93,116,116,90,92,123,101,105,84,89,48,27
E07000229,Worthing,E01031793,Worthing 001A,1338,48,62,74,56,37,31,56,65,102,102,96,113,117,101,86,81,61,37,13
E07000229,Worthing,E01031820,Worthing 001B,1701,38,62,71,81,36,26,34,58,123,102,88,122,173,186,152,144,102,73,30
E07000229,Worthing,E01031821,Worthing 001C,1663,79,94,96,74,51,48,64,116,145,102,114,131,118,119,103,75,64,46,24
E07000229,Worthing,E01031828,Worthing 001D,1317,51,49,75,57,41,29,35,60,88,107,107,98,138,115,91,58,60,27,31
E07000229,Worthing,E01031829,Worthing 001E,1562,64,64,71,89,61,28,40,84,93,129,121,121,147,123,101,79,68,39,40
E07000229,Worthing,E01031822,Worthing 002A,1576,62,90,102,93,50,52,54,90,152,119,78,109,134,114,72,69,61,42,33
E07000229,Worthing,E01031825,Worthing 002B,1609,59,54,61,50,62,47,62,68,115,103,103,120,154,131,149,98,106,46,21
E07000229,Worthing,E01031826,Worthing 002C,1359,72,75,84,83,63,56,76,102,120,107,81,98,107,63,50,58,35,23,6
E07000229,Worthing,E01031827,Worthing 002D,1429,88,87,82,76,88,71,83,98,115,97,88,97,81,66,74,52,42,32,12
E07000229,Worthing,E01031839,Worthing 002E,1738,111,111,120,105,65,97,104,118,146,133,119,87,121,88,71,47,44,39,12
E07000229,Worthing,E01031792,Worthing 003A,1356,91,71,69,60,65,70,68,82,103,82,96,91,115,79,63,54,49,34,14
E07000229,Worthing,E01031794,Worthing 003B,1327,70,36,41,59,57,53,46,55,77,83,80,88,101,106,123,109,76,42,25
E07000229,Worthing,E01031795,Worthing 003C,1507,143,106,78,82,94,112,118,108,111,120,96,96,71,47,40,24,34,21,6
E07000229,Worthing,E01031818,Worthing 003D,2080,146,151,148,176,126,141,154,120,147,181,130,106,149,92,47,22,24,14,6
E07000229,Worthing,E01031830,Worthing 003E,1617,126,116,96,109,67,89,92,98,125,113,97,79,91,99,72,53,41,29,25
E07000229,Worthing,E01031778,Worthing 004A,1514,89,67,84,84,92,117,78,105,112,126,102,86,86,69,69,43,50,39,16
E07000229,Worthing,E01031797,Worthing 004B,1293,60,85,79,92,56,54,50,91,109,121,105,77,80,68,49,45,46,16,10
E07000229,Worthing,E01031800,Worthing 004C,1566,98,114,136,97,56,38,82,137,132,145,100,82,80,56,66,50,49,30,18
E07000229,Worthing,E01031823,Worthing 004D,1430,68,85,114,100,52,38,41,86,123,131,117,95,103,72,78,59,35,22,11
E07000229,Worthing,E01031824,Worthing 004E,1349,67,97,100,90,60,56,46,69,117,114,121,84,96,87,58,38,28,15,6
E07000229,Worthing,E01031776,Worthing 005A,1575,143,104,82,80,83,114,126,164,143,126,88,73,77,44,45,29,25,16,13
E07000229,Worthing,E01031777,Worthing 005B,1682,122,106,105,110,89,113,125,122,140,137,114,81,77,71,58,48,39,19,6
E07000229,Worthing,E01031780,Worthing 005C,1556,102,112,123,143,85,65,74,110,156,145,112,80,82,57,38,31,17,22,2
E07000229,Worthing,E01031781,Worthing 005D,1668,130,121,116,114,84,82,126,113,141,158,103,69,91,63,51,43,38,11,14
E07000229,Worthing,E01031798,Worthing 005E,1534,79,87,89,101,104,103,98,111,136,129,132,97,81,50,45,35,25,23,9
E07000229,Worthing,E01031783,Worthing 006A,1533,102,98,127,108,77,85,70,92,120,107,103,83,89,66,45,68,47,36,10
E07000229,Worthing,E01031785,Worthing 006B,1473,102,79,97,82,89,87,93,102,107,115,78,91,92,90,43,63,27,23,13
E07000229,Worthing,E01031786,Worthing 006C,1510,117,85,76,95,87,107,99,95,97,120,110,97,90,71,51,42,36,27,8
E07000229,Worthing,E01031817,Worthing 006D,1593,102,116,106,138,89,102,117,132,145,151,119,91,59,53,40,16,15,0,2
E07000229,Worthing,E01031819,Worthing 006E,1300,116,106,115,125,80,74,70,85,106,136,95,63,47,30,22,17,6,7,0
E07000229,Worthing,E01031782,Worthing 007A,1676,50,72,85,77,59,34,65,76,109,128,105,97,151,154,120,109,102,59,24
E07000229,Worthing,E01031784,Worthing 007B,1828,113,95,114,111,113,105,112,100,136,114,115,120,114,89,87,75,61,39,15
E07000229,Worthing,E01031836,Worthing 007C,1680,127,106,110,83,85,108,118,127,165,128,115,74,79,86,52,62,31,22,2
E07000229,Worthing,E01031838,Worthing 007D,1620,96,92,81,83,75,75,92,96,122,130,124,103,109,73,62,60,54,42,51
E07000229,Worthing,E01031840,Worthing 007E,1691,99,86,91,69,101,83,102,104,128,141,105,109,135,94,80,69,59,28,8
E07000229,Worthing,E01031791,Worthing 008A,2111,206,135,78,88,163,191,196,195,176,136,94,80,74,60,62,42,48,51,36
E07000229,Worthing,E01031796,Worthing 008B,1587,136,105,123,92,97,105,131,147,136,129,108,71,64,46,38,24,18,8,9
E07000229,Worthing,E01031799,Worthing 008C,1585,108,118,100,117,95,88,87,122,115,142,117,80,70,53,49,39,41,27,17
E07000229,Worthing,E01031801,Worthing 008D,1808,177,123,83,104,145,140,142,148,156,140,99,70,60,46,45,49,41,25,15
E07000229,Worthing,E01031837,Worthing 008E,1917,157,125,110,110,119,130,155,166,175,168,126,93,83,55,50,39,27,23,6
E07000229,Worthing,E01031779,Worthing 009A,1378,135,126,109,100,81,87,81,92,106,98,80,48,80,39,33,35,30,14,4
E07000229,Worthing,E01031831,Worthing 009B,1680,113,90,88,91,73,84,110,146,143,135,110,82,67,79,67,65,52,52,33
E07000229,Worthing,E01031832,Worthing 009C,1628,80,52,61,55,91,86,75,87,105,129,87,125,147,113,116,91,61,46,21
E07000229,Worthing,E01031833,Worthing 009D,1645,131,126,103,97,117,113,104,141,123,144,103,79,79,55,46,19,24,23,18
E07000229,Worthing,E01031834,Worthing 009E,1599,99,90,120,107,78,84,103,126,144,162,98,66,95,79,52,37,26,20,13
E07000229,Worthing,E01031790,Worthing 010A,1822,102,55,49,68,125,158,164,121,121,104,113,87,79,84,94,71,81,69,77
E07000229,Worthing,E01031807,Worthing 010B,1723,72,50,46,64,70,118,111,92,59,97,104,83,103,95,89,104,137,121,108
E07000229,Worthing,E01031809,Worthing 010C,1531,72,39,41,46,114,163,114,108,108,107,88,77,103,82,57,62,76,44,30
E07000229,Worthing,E01031810,Worthing 010D,1586,107,92,74,75,110,123,156,116,135,130,105,72,77,52,41,43,36,25,17
E07000229,Worthing,E01031811,Worthing 010E,1485,58,34,35,46,89,154,117,88,90,84,82,73,89,56,50,60,83,85,112
E07000229,Worthing,E01031787,Worthing 011A,1893,123,61,57,61,167,212,208,157,143,122,102,57,97,62,59,54,64,58,29
E07000229,Worthing,E01031788,Worthing 011B,2109,185,126,82,93,139,203,248,186,150,141,105,88,61,67,48,47,60,56,24
E07000229,Worthing,E01031789,Worthing 011C,1955,121,63,70,80,142,203,194,160,163,128,121,76,100,81,75,48,64,35,31
E07000229,Worthing,E01031808,Worthing 011D,1534,92,31,16,60,128,165,138,138,129,85,82,59,60,38,50,46,62,73,82
E07000229,Worthing,E01031835,Worthing 011E,1825,91,53,58,59,152,188,171,155,161,127,109,98,114,82,50,41,57,26,33
E07000229,Worthing,E01031812,Worthing 012A,1559,51,35,53,64,82,115,95,67,87,83,92,72,112,93,95,110,114,83,56
E07000229,Worthing,E01031813,Worthing 012B,1795,140,102,93,116,98,102,105,97,122,143,139,92,111,84,66,71,50,35,29
E07000229,Worthing,E01031814,Worthing 012C,1501,57,57,70,76,73,53,68,76,102,128,115,101,123,98,116,73,62,43,10
E07000229,Worthing,E01031815,Worthing 012D,1534,55,43,58,80,62,53,67,69,80,100,118,107,128,105,105,97,95,59,53
E07000229,Worthing,E01031816,Worthing 012E,1610,140,129,102,84,67,62,104,150,147,137,105,92,88,61,42,41,20,23,16
E07000229,Worthing,E01031802,Worthing 013A,1556,41,49,45,43,34,43,51,60,73,75,80,109,148,139,162,160,123,89,32
E07000229,Worthing,E01031803,Worthing 013B,1507,45,69,78,99,54,28,34,55,96,130,107,97,156,116,92,92,73,58,28
E07000229,Worthing,E01031804,Worthing 013C,1653,60,72,94,74,37,48,58,67,85,110,117,118,160,127,107,115,105,65,34
E07000229,Worthing,E01031805,Worthing 013D,1610,60,55,71,70,35,39,47,72,74,92,98,97,142,157,112,127,128,88,46
E07000229,Worthing,E01031806,Worthing 013E,1664,102,113,119,108,81,85,111,95,123,131,114,95,71,68,76,59,54,40,19